Entry,M,R1,R2,R3,T,P,Al/M,Time,Cat,Cocat,CA
1,22,21.1,8.7,6,25,0.101325,2500,1,0.5,1.25,33.96
2,22,21.1,2.5,6,25,0.101325,250,1,5,1.25,3.504
3,22,21.1,4.7,6,25,0.101325,250,1,5,1.25,3.876
4,22,21.1,2,6,25,0.101325,250,1,5,1.25,5.652
5,22,21.1,0.1,6,25,0.101325,250,1,5,1.25,2.532
6,22,21.2,8.4,6,30,0.101325,2000,2,2,4,0.735
7,22,21.2,8.4,6,30,0.101325,2000,10,2,4,0.425
8,22,21.2,8.4,6,30,0.101325,2000,30,2,4,0.401
9,22,21.2,8.4,6,30,0.101325,2000,60,2,4,0.242
10,22,21.2,8.4,6,30,0.101325,4000,30,2,8,0.291
11,22,21.2,8.4,6,30,0.101325,6000,30,2,12,0.307
12,22,21.2,8.4,6,1,0.101325,2000,30,2,4,0.098
13,22,21.2,8.4,6,-10,0.101325,2000,30,2,4,0.015
14,22,20.1,8.4,6,20,0.1,1250,20,1,1.25,10.3
15,22,20.1,8.4,6,30,0.1,1250,20,1,1.25,11.82
16,22,20.1,8.4,6,40,0.1,1250,20,1,1.25,9.7
17,22,20.1,8.4,6,50,0.1,1250,20,1,1.25,9.03
18,22,20.1,8.4,6,60,0.1,1250,20,1,1.25,7.8
19,22,20.1,8.4,6,20,0.1,1250,20,1,1.25,8.47
20,22,20.1,8.4,6,30,0.1,1250,20,1,1.25,8.54
21,22,20.1,8.4,6,40,0.1,1250,20,1,1.25,9.1
22,22,20.1,8.4,6,50,0.1,1250,20,1,1.25,8.87
23,22,20.1,8.4,6,60,0.1,1250,20,1,1.25,8.07
24,22,20.1,8.4,6,30,0.1,1250,20,1,1.25,11.43
25,22,20.1,8.4,6,30,0.1,625,20,2,1.25,9.08
26,22,20.1,8.4,6,30,0.1,417,20,3,1.25,7.79
27,22,20.1,8.4,6,30,0.1,313,20,4,1.25,6.1
28,22,20.1,8.4,6,30,0.1,250,20,5,1.25,5.35
29,22,20.1,8.4,6,30,0.1,208,20,6,1.25,4.16
30,22,20.1,8.4,6,30,0.1,1250,20,1,1.25,9
31,22,20.1,8.4,6,30,0.1,1450,20,1,1.45,9.66
32,22,20.1,8.4,6,30,0.1,1650,20,1,1.65,9.63
33,22,20.1,8.4,6,30,0.1,1850,20,1,1.85,9.54
34,22,20.1,8.4,6,30,0.1,2050,20,1,2.05,9.51
35,22,20.1,8.4,6,30,0.1,1450,10,1,1.45,11.03
36,22,20.1,8.4,6,30,0.1,1450,20,1,1.45,9.59
37,22,20.1,8.4,6,30,0.1,1450,30,1,1.45,8.27
38,22,20.1,8.4,6,30,0.1,1450,40,1,1.45,7.09
39,22,20.1,8.4,6,30,0.1,1450,50,1,1.45,6.72
40,22,20.1,8.4,6,30,0.1,1450,60,1,1.45,6.08
41,22,20.1,8.4,6,40,0.1,1450,20,3,4.35,9.2
42,22,20.1,8.4,6,40,0.2,1450,20,3,4.35,11.21
43,22,20.1,8.4,6,40,0.3,1450,20,3,4.35,13.84
44,22,20.1,8.4,6,40,0.4,1450,20,3,4.35,19.62
45,22,20.1,8.4,6,40,0.5,1450,20,3,4.35,22.5
46,22,21.1,1.1,7,10,0.101325,625,20,2,1.25,3.46
47,22,21.1,1.1,7,20,0.101325,625,20,2,1.25,4.33
48,22,21.1,1.1,7,30,0.101325,625,20,2,1.25,3.82
49,22,21.1,1.1,7,40,0.101325,625,20,2,1.25,1.5
50,22,21.1,1.1,7,50,0.101325,625,20,2,1.25,0.58
51,22,21.1,1.7,8,10,0.101325,625,20,2,1.25,3.81
52,22,21.1,1.7,8,20,0.101325,625,20,2,1.25,6.93
53,22,21.1,1.7,8,30,0.101325,625,20,2,1.25,8.25
54,22,21.1,1.7,8,40,0.101325,625,20,2,1.25,1.45
55,22,21.1,1.7,8,50,0.101325,625,20,2,1.25,0.8
56,22,21.1,2.8,9,10,0.101325,625,20,2,1.25,5.13
57,22,21.1,2.8,9,20,0.101325,625,20,2,1.25,7.11
58,22,21.1,2.8,9,30,0.101325,625,20,2,1.25,4.8
59,22,21.1,2.8,9,40,0.101325,625,20,2,1.25,3.1
60,22,21.1,2.8,9,50,0.101325,625,20,2,1.25,2.47
61,22,21.1,1.7,8,30,0.101325,2500,20,1,2.5,10.31
62,22,21.1,1.7,8,30,0.101325,1250,20,2,2.5,11.77
63,22,21.1,1.7,8,30,0.101325,833,20,3,2.5,10.36
64,22,21.1,1.7,8,30,0.101325,625,20,4,2.5,9.93
65,22,21.1,1.7,8,30,0.101325,500,20,5,2.5,8.03
66,22,21.1,1.7,8,30,0.101325,417,20,6,2.5,6.87
67,22,21.1,1.7,8,30,0.101325,1025,20,2,0.85,8.6
68,22,21.1,1.7,8,30,0.101325,1225,20,2,1.05,9.21
69,22,21.1,1.7,8,30,0.101325,1425,20,2,1.25,9.49
70,22,21.1,1.7,8,30,0.101325,1625,20,2,1.45,11.06
71,22,21.1,1.7,8,30,0.101325,1825,20,2,1.65,11.65
72,22,21.1,1.7,8,30,0.101325,2025,20,2,1.85,10.35
73,22,21.1,1.7,8,30,0.101325,1825,10,2,1.65,9.05
74,22,21.1,1.7,8,30,0.101325,1825,20,2,1.65,9.13
75,22,21.1,1.7,8,30,0.101325,1825,30,2,1.65,6.97
76,22,21.1,1.7,8,30,0.101325,1825,40,2,1.65,5.05
77,22,21.1,1.7,8,30,0.101325,1825,50,2,1.65,4.33
78,22,21.1,1.7,8,30,0.101325,1825,60,2,1.65,3.88
79,22,20.5,0.1,6,25,0.101325,250,30,5,1.25,0.038
80,22,20.5,1.9,6,25,0.101325,250,30,5,1.25,0.246
81,22,20.5,8.4,6,25,0.101325,250,30,5,1.25,3.24
82,22,20.5,6.3,6,25,0.101325,250,30,5,1.25,2.666
83,22,25.5,8.4,6,25,0.101325,250,30,5,1.25,0.301
84,22,27.6,8.4,6,25,0.101325,250,30,5,1.25,0.186
85,22,20.5,8.4,4,25,0.101325,250,30,5,1.25,1.71
86,22,20.5,8.4,5,25,0.101325,250,30,5,1.25,2.468
87,22,21.1,8.7,6,25,0.101325,2500,0.5,0.5,1.25,35.76
88,22,21.1,8.7,6,25,0.101325,2500,1,0.5,1.25,33.96
89,22,21.1,8.7,6,50,0.101325,2500,0.5,0.5,1.25,41.28
90,22,21.1,8.7,6,50,0.101325,2500,1,0.5,1.25,36.24
91,22,21.1,8.7,6,75,0.101325,1250,0.5,1,1.25,29.64
92,22,21.1,8.7,6,75,0.101325,1250,1,1,1.25,27.18
93,22,21.1,8.7,6,25,0.101325,1250,3,1,1.25,0.54
94,22,21.1,8.7,6,25,0.101325,1250,5,1,1.25,0.708
95,22,21.1,8.7,6,25,0.101325,1250,10,1,1.25,0.678
96,22,21.1,8.7,6,25,0.101325,1250,15,1,1.25,0.7
97,22,21.1,8.7,6,50,0.101325,1250,5,1,1.25,0.588
98,22,21.1,8.7,6,50,0.101325,1250,10,1,1.25,0.6
99,22,21.1,8.7,6,50,0.101325,1250,15,1,1.25,0.6
100,22,21.1,8.7,6,75,0.101325,1250,5,1,1.25,0.624
101,22,21.1,8.7,6,75,0.101325,1250,10,1,1.25,0.732
102,22,21.1,8.7,6,75,0.101325,1250,15,1,1.25,0.524
103,22,21.1,8.7,6,50,0.101325,3125,5,0.4,1.25,2.43
104,22,21.1,8.7,6,50,0.101325,1250,5,1,1.25,0.828
105,22,19.5,8.7,6,50,0.101325,250,5,5,1.25,0.1272
106,22,18.8,8.7,6,50,0.101325,2500,1,0.5,1.25,44.64
107,22,18.8,8.7,6,50,0.101325,2500,1,0.5,1.25,32.04
108,22,18.8,8.7,6,50,0.101325,3125,5,0.4,1.25,5.31
109,22,21.2,8.4,6,30,0.101325,2000,2,5,10,1.3
110,22,21.2,8.4,6,30,0.101325,2000,2,5,10,4.35
111,22,21.2,8.4,6,30,0.101325,2000,10,5,10,1.21
112,22,21.2,8.4,6,30,0.101325,2000,10,5,10,3.38
113,22,21.2,8.4,6,30,0.101325,2000,30,5,10,0.96
114,22,21.2,8.4,6,30,0.101325,2000,30,5,10,2.84
115,22,21.2,8.4,6,30,0.101325,2000,60,5,10,0.77
116,22,21.2,8.4,6,30,0.101325,2000,60,5,10,4.5
117,22,19,7.1,4,30,0.3,250,60,1.1,0.28,6.33
118,22,19,7.1,4,50,0.3,250,60,1.1,0.28,3.06
119,22,19,8.4,4,30,0.3,250,60,2,0.5,1.48
120,22,19,8.4,4,50,0.3,250,60,2.15,0.54,1.27
121,22,19,8.4,5,30,0.3,250,60,2,0.5,1.7
122,22,19,8.4,5,50,0.3,250,60,2,0.5,0.5
123,22,20.5,8.4,5,30,0.3,250,60,2.01,0.5,1.46
124,22,20.5,8.4,5,50,0.3,250,60,1.94,0.49,2.42
125,22,20.5,8.4,6,25,0.1,250,5,5,1.25,3
126,40,20.5,8.4,6,25,0.1,250,5,5,1.25,124
127,72,20.5,8.4,6,25,0.1,250,5,5,1.25,21
128,22,20.5,8.4,6,25,0.1,250,1,5,1.25,3
129,22,20.5,8.4,6,50,0.1,250,1,5,1.25,5
130,22,20.5,8.4,6,50,0.1,250,5,5,1.25,4
131,40,21.1,8.7,6,25,0.1,250,5,5,1.25,335
132,72,21.1,8.7,6,25,0.1,250,5,5,1.25,29
133,22,21.1,8.7,6,50,0.1,250,1,5,1.25,36
134,22,21.1,8.7,6,75,0.1,250,1,5,1.25,27
135,22,21.1,8.7,6,90,0.1,250,1,5,1.25,14
136,22,20.5,1.9,6,25,0.1,250,30,5,1.25,0.2
137,22,20.5,0.1,6,25,0.1,250,30,5,1.25,0.04
138,22,18.8,8.7,6,25,0.1,250,1,5,1.25,45
139,22,18.8,8.7,6,25,0.1,250,1,5,1.25,32
140,22,18.8,8.7,6,25,0.1,250,5,5,1.25,5
141,22,25.5,8.4,6,25,0.1,250,30,5,1.25,0.3
142,22,27.6,8.4,6,25,0.1,250,30,5,1.25,0.2
143,22,21.1,8.7,6,25,0.1,2500,1,0.5,1.25,33.6
144,22,21.1,8.7,6,50,0.1,2500,0.5,0.5,1.25,40.8
145,22,21.1,8.7,6,50,0.1,2500,1,0.5,1.25,36
146,22,21.1,8.7,6,75,0.1,1250,0.5,1,1.25,30
147,22,21.1,8.7,6,75,0.1,1250,1,1,1.25,27
148,22,21.1,8.7,6,90,0.1,625,0.5,2,1.25,12
149,22,21.1,8.7,6,90,0.1,625,1,2,1.25,13.8
150,22,21.1,2.8,9,25,0.2,2500,30,25,62.5,1
151,22,21.1,2.8,9,25,0.1,2500,30,20,50,0.56
152,22,21.1,2.8,9,25,0.15,2500,30,20,50,0.74
153,22,21.1,2.8,9,25,0.2,2500,30,20,50,1
154,22,21.1,2.8,9,5,0.2,2500,30,20,50,0.915
155,22,21.1,2.8,9,50,0.2,2500,30,20,50,0.98
156,22,21.1,2.8,9,70,0.2,2500,30,20,50,1.24
157,40,20.5,8.4,6,50,0.9,2500,30,0.5,1.25,44.6
158,22,19,8.4,6,50,0.9,2500,30,0.5,1.25,21.4
159,40,23.1,8.4,6,25,0.101325,1250,10,0.5,0.625,66.7
160,40,23.1,8.4,6,25,0.101325,1250,10,0.5,0.625,50.2
161,40,18.6,0.1,8,25,0.101325,1250,10,0.5,0.625,23.7
162,40,20.5,8.4,6,25,0.1,6250,5,0.2,1.25,197
163,40,20.5,8.4,6,25,0.1,62500,5,0.02,1.25,550
164,40,20.5,8.4,6,25,0.1,125000,5,0.02,2.5,536
165,40,20.5,8.4,6,25,0.1,312500,5,0.02,6.25,494
166,40,20.5,8.4,6,25,0.1,125000,5,0.01,1.25,550
167,40,20.5,8.4,6,1,0.1,62500,5,0.02,1.25,295
168,40,20.5,8.4,6,25,0.1,62500,5,0.02,1.25,550
169,40,20.5,8.4,6,40,0.1,62500,5,0.02,1.25,587
170,40,20.5,8.4,6,50,0.1,62500,5,0.02,1.25,496
171,40,20.5,8.4,6,75,0.1,62500,5,0.02,1.25,100
172,40,20.5,8.4,6,25,0.1,62500,5,0.02,1.25,550
173,40,20.5,8.4,4,25,0.1,62500,5,0.02,1.25,331
174,40,20.5,1.9,6,25,0.1,250,5,5,1.25,0.4
175,40,20.5,4.7,6,25,0.1,250,5,5,1.25,0.9
176,40,20.5,2.6,4,25,0.1,62500,5,0.02,1.25,714
177,40,25.5,8.4,6,25,0.1,2500,5,0.5,1.25,40
178,40,27.6,8.4,6,25,0.1,2500,5,0.5,1.25,58
179,40,29.8,8.4,6,25,0.1,250,30,5,1.25,0.1
180,40,20.7,8.4,6,25,0.1,12500,5,0.1,1.25,244
181,40,19.1,8.4,6,25,0.1,12500,5,0.1,1.25,271
182,40,34,3,4,25,0.1,12500,5,0.1,1.25,23
183,40,26.4,10.3,3,25,0.1,6250,5,0.2,1.25,43
184,40,23.1,8.4,6,25,0.1,6250,5,0.2,1.25,64
185,40,16.9,8.4,6,25,0.1,6250,5,0.2,1.25,40
186,40,19.4,8.4,6,25,0.1,6250,5,0.2,1.25,55
187,40,18.8,8.4,6,25,0.1,6250,5,0.2,1.25,122
188,40,17.7,8.4,6,25,0.1,6250,5,0.2,1.25,65
189,40,17.7,8.4,4,25,0.1,6250,5,0.2,1.25,53
190,40,16.8,8.4,6,25,0.1,6250,5,0.2,1.25,38
191,40,17.5,8.4,6,25,0.1,6250,5,0.2,1.25,34
192,40,17.5,8.4,4,25,0.1,6250,5,0.2,1.25,26
193,40,23.1,8.4,6,25,0.1,6250,5,0.2,1.25,116
194,40,19,8.4,6,25,0.1,6250,5,0.2,1.25,140
195,40,19.4,8.4,6,25,0.1,6250,5,0.2,1.25,152
196,40,20.5,8.4,6,25,0.1,6250,5,0.2,1.25,145
197,40,25.5,8.4,6,25,0.1,6250,5,0.2,1.25,41
198,40,27.6,8.4,6,25,0.1,6250,5,0.2,1.25,74
199,40,27.6,8.4,6,25,0.1,500,5,0.5,0.25,58
200,40,27.6,8.4,6,25,0.1,900,5,0.5,0.25,60
201,40,27.6,8.4,6,25,0.1,1250,5,0.5,0.25,50
202,40,27.6,8.4,6,25,0.1,2500,5,0.5,0.25,45
203,40,27.6,8.4,6,25,0.1,5000,5,0.5,0.25,39
204,40,27.6,8.4,6,25,0.1,7500,5,0.5,0.25,34
205,40,27.6,8.4,6,25,0.1,12500,5,0.5,0.25,26
206,40,20.5,8.4,6,25,0.1,2500,5,0.5,1.25,86
207,40,27.6,8.4,6,25,0.1,2500,5,0.5,1.25,66
208,40,27.6,8.4,6,25,0.1,1250,5,0.5,0.625,66
209,40,27.6,8.4,6,25,0.1,500,5,0.5,0.25,58
210,40,27.6,8.4,6,25,0.1,900,5,0.5,0.25,60
211,40,27.6,8.4,6,25,0.1,1250,5,0.5,0.25,50
212,40,27.6,8.4,6,25,0.1,2500,5,0.5,0.25,45
213,40,27.6,8.4,6,25,0.1,5000,5,0.5,0.25,39
214,40,27.6,8.4,6,25,0.1,7500,5,0.5,0.25,34
215,40,27.6,8.4,6,25,0.1,12500,5,0.5,0.25,26
216,40,27.6,8.4,6,25,0.1,900,5,0.5,0.25,60
217,40,27.6,8.4,6,25,0.1,900,15,0.5,0.25,53
218,40,27.6,8.4,6,25,0.1,900,30,0.5,0.25,41
219,40,16.8,8.4,6,25,0.1,1250,5,0.5,0.625,50.4
220,40,17.5,8.4,6,25,0.1,1250,5,0.5,0.625,31.6
221,40,17.5,8.4,4,25,0.1,1250,5,0.5,0.625,22
222,40,23.1,8.4,6,25,0.1,1250,5,0.5,0.625,67.2
223,40,19,8.4,6,25,0.1,1250,5,0.5,0.625,87.7
224,40,19.4,8.4,6,25,0.1,1250,5,0.5,0.625,93
225,40,19,2.9,2,25,0.1,1250,5,0.5,0.625,75.4
226,40,19.4,2.9,2,25,0.1,1250,5,0.5,0.625,52.5
227,40,16.8,8.4,6,25,0.1,12500,5,0.1,1.25,43.8
228,40,17.5,8.4,6,25,0.1,12500,5,0.1,1.25,30.5
229,40,17.5,8.4,4,25,0.1,12500,5,0.1,1.25,19
230,40,23.1,8.4,6,25,0.1,12500,5,0.1,1.25,116
231,40,19,8.4,6,25,0.1,12500,5,0.1,1.25,262
232,40,19,2.9,2,25,0.1,12500,5,0.1,1.25,430.6
233,22,21.1,8.7,5,29,0.1,2500,5,0.5,1.25,9.7
234,40,21.1,8.7,5,29,0.1,2500,5,0.5,1.25,125.2
235,72,25.5,8.4,6,80,0.4,2000,30,2,4,0.81
236,72,25.5,8.4,6,30,0.4,2000,30,1,2,7.76
237,72,25.5,8.4,6,30,0.4,2000,30,0.5,1,6
238,72,23.5,9.1,3,80,0.4,2000,30,0.1,0.2,34
239,72,23.5,9.1,3,30,0.4,2000,30,0.1,0.2,103
240,72,21.1,8.7,6,80,0.4,2000,30,2,4,26
241,72,21.1,8.7,6,40,0.4,2000,30,0.5,1,24
242,72,21.1,9.1,3,80,0.4,2000,30,0.25,0.5,12
243,72,21.1,9.1,3,30,0.4,2000,30,0.25,0.5,36
244,72,25.5,8.4,6,30,0.4,2000,30,1,2,0.1
245,72,23.5,9.1,3,30,0.4,2000,30,0.25,0.5,0.1
246,72,21.1,8.7,6,30,0.4,2000,30,0.5,1,56
247,72,21.1,9.1,3,30,0.4,2000,30,0.25,0.5,24
248,40,20.5,8.4,6,25,0.1,12500,5,0.1,1.25,224.4
249,72,20.5,8.4,6,25,0.1,2500,5,0.5,1.25,28.8
250,40,20.5,8.4,6,25,0.1,12500,5,0.1,1.25,224.4
251,72,20.5,8.4,6,25,0.1,2500,5,0.5,1.25,21.36
252,22,21.1,8.7,6,25,0.1,250,5,5,1.25,2
253,22,21.1,8.7,6,25,0.1,250,5,5,1.25,1
254,22,19.5,8.7,6,25,0.1,250,5,5,1.25,0.1
255,22,20.5,8.4,6,60,0.3,2000,20,5,10,1.12
256,22,20.5,8.4,6,40,0.5,2000,20,5,10,0.7
257,22,20.5,8.4,6,60,0.5,2000,20,5,10,1.14
258,22,20.5,8.4,6,80,0.5,2000,20,5,10,1.24
259,22,20.5,8.4,6,60,1,2000,10,2.5,5,1.74
260,22,20.3,8.4,6,60,0.3,2000,20,5,10,0.99
261,22,20.3,8.4,6,40,0.5,2000,20,5,10,0.54
262,22,20.3,8.4,6,60,0.5,2000,20,5,10,0.89
263,22,20.3,8.4,6,80,0.5,2000,20,5,10,0.22
264,22,20.3,8.4,6,60,1,2000,10,5,10,0.85
